,id,dateAdded,name,brand,primaryCategories,manufacturer,reviews.date,reviewssentiment,reviews.numHelpful,stars,text,reviews.username,predicted
0,AWFUWc8THh53nbDRF6YO,2018-02-02T02:30:22Z,"Amazon Echo Show Alexa-enabled Bluetooth Speaker with 7"" Screen",Amazon,"Electronics,Hardware",Amazon,2018-01-23T00:00:00.000Z,True,0,2,It was a bit more involved getting set up but thereafter the function is simply talking to Alexia. The plug adapter to turn on and off lights TV is useful and certainly worth having.,mrchuck,5.0
1,AWFUWc8THh53nbDRF6YO,2018-02-02T02:30:22Z,"Amazon Echo Show Alexa-enabled Bluetooth Speaker with 7"" Screen",Amazon,"Electronics,Hardware",Amazon,2017-12-22T00:00:00.000Z,True,0,5,Adds some nice tricks to the regular Echo lineup. Video calls to other Show owners works well. Speakers sound good.,Owney,5.0
2,AWFUWc8THh53nbDRF6YO,2018-02-02T02:30:22Z,"Amazon Echo Show Alexa-enabled Bluetooth Speaker with 7"" Screen",Amazon,"Electronics,Hardware",Amazon,2017-12-23T00:00:00.000Z,True,1,3,"THE ECHO SHOW WORKS WELL, BUT AT THIS TIME IT CANNOT CONNECT TO YOUTUBE. MAYBE WHEN AMAZON WAKES UP THE CONNECTION WILL BE RETURNED.",papalunchick,1.0
3,AWFUWc8THh53nbDRF6YO,2018-02-02T02:30:22Z,"Amazon Echo Show Alexa-enabled Bluetooth Speaker with 7"" Screen",Amazon,"Electronics,Hardware",Amazon,2017-07-30T00:00:00.000Z,True,0,5,"It's a lot of fun. To fully enjoy it, we had to get Amazon music unlimited. We bought four of them, so we can keep in touch with family. Alexa is very entertaining!",ForeverAChicagoCubsFan,5.0
4,AWFUWc8THh53nbDRF6YO,2018-02-02T02:30:22Z,"Amazon Echo Show Alexa-enabled Bluetooth Speaker with 7"" Screen",Amazon,"Electronics,Hardware",Amazon,2017-12-22T00:00:00.000Z,True,0,4,I seen one that my son-in-law had and enjoyed using it.,Smokey,5.0
5,AWFUWc8THh53nbDRF6YO,2018-02-02T02:30:22Z,"Amazon Echo Show Alexa-enabled Bluetooth Speaker with 7"" Screen",Amazon,"Electronics,Hardware",Amazon,2018-01-26T00:00:00.000Z,True,0,5,"I love how I can see my grandkids. I also bought my kids one so they can just ""Drop In"" and I can see them. It also shows words to some songs to sing along. It is fun to have!!",MaryS,5.0
6,AWFUWc8THh53nbDRF6YO,2018-02-02T02:30:22Z,"Amazon Echo Show Alexa-enabled Bluetooth Speaker with 7"" Screen",Amazon,"Electronics,Hardware",Amazon,2017-10-05T00:00:00.000Z,True,0,5,The best product I have used for AI. Easy set up and easy to use.,Bigfoot,5.0
7,AWFUWc8THh53nbDRF6YO,2018-02-02T02:30:22Z,"Amazon Echo Show Alexa-enabled Bluetooth Speaker with 7"" Screen",Amazon,"Electronics,Hardware",Amazon,2018-01-18T00:00:00.000Z,True,0,5,"If you‚Äôre lik me and trying to update your home into a smart home, this is a must need. I have by my bed side and am able to see the front door",CarterDeKid,5.0
8,AWFUWc8THh53nbDRF6YO,2018-02-02T02:30:22Z,"Amazon Echo Show Alexa-enabled Bluetooth Speaker with 7"" Screen",Amazon,"Electronics,Hardware",Amazon,2017-11-19T00:00:00.000Z,True,0,5,he echo show is great. I can use it to monitor my outside inside cameras.,Jfhman001,5.0
9,AWFUWc8THh53nbDRF6YO,2018-02-02T02:30:22Z,"Amazon Echo Show Alexa-enabled Bluetooth Speaker with 7"" Screen",Amazon,"Electronics,Hardware",Amazon,2017-12-17T00:00:00.000Z,False,0,3,Alexa show is ok same technology as a tablet except voice activated,Sllysmly,3.0
10,AWFUWc8THh53nbDRF6YO,2018-02-02T02:30:22Z,"Amazon Echo Show Alexa-enabled Bluetooth Speaker with 7"" Screen",Amazon,"Electronics,Hardware",Amazon,2017-12-15T00:00:00.000Z,True,0,5,We have greatly enjoyed using Alexa and having this gadget in our kitchen.,7722,5.0
11,AWFUWc8THh53nbDRF6YO,2018-02-02T02:30:22Z,"Amazon Echo Show Alexa-enabled Bluetooth Speaker with 7"" Screen",Amazon,"Electronics,Hardware",Amazon,2018-03-21T00:00:00.000Z,True,0,5,"I love the echo show. It is a personal assistant, DJ, weatherman & news person all in one. This is our second Show. We love the video qualties & the sound can't be beat.",Anncap,5.0
12,AWFUWc8THh53nbDRF6YO,2018-02-02T02:30:22Z,"Amazon Echo Show Alexa-enabled Bluetooth Speaker with 7"" Screen",Amazon,"Electronics,Hardware",Amazon,2018-01-22T00:00:00.000Z,True,0,5,My entire family enjoyed all of the purchases we from the store,Missy,5.0
13,AWFUWc8THh53nbDRF6YO,2018-02-02T02:30:22Z,"Amazon Echo Show Alexa-enabled Bluetooth Speaker with 7"" Screen",Amazon,"Electronics,Hardware",Amazon,2017-12-22T00:00:00.000Z,True,0,5,"Wife wanted this gift and it did not disappoint, it's the next step in Amazon's capabilities, adding visual to the sound that was already there.",RobWtx,5.0
14,AWFUWc8THh53nbDRF6YO,2018-02-02T02:30:22Z,"Amazon Echo Show Alexa-enabled Bluetooth Speaker with 7"" Screen",Amazon,"Electronics,Hardware",Amazon,2018-01-08T00:00:00.000Z,True,0,4,"I had an Alexa, but thought the show would be cool as it would allow me to link a camera to it, see videos for info I wanted to look up, play my prime video account. It would have been a 5 if I could see all prime shows/movies on it.",Robert,5.0
15,AWFUWc8THh53nbDRF6YO,2018-02-02T02:30:22Z,"Amazon Echo Show Alexa-enabled Bluetooth Speaker with 7"" Screen",Amazon,"Electronics,Hardware",Amazon,2017-10-13T00:00:00.000Z,True,0,5,The echo show works great for home automation. Being able to see your security cameras or drop in on your home through the echos camera are great features.,Tbgixxer,5.0
16,AWFUWc8THh53nbDRF6YO,2018-02-02T02:30:22Z,"Amazon Echo Show Alexa-enabled Bluetooth Speaker with 7"" Screen",Amazon,"Electronics,Hardware",Amazon,2017-10-20T00:00:00.000Z,True,0,4,"Its great, just needs expanding information on it.",Marty2016,5.0
17,AWFUWc8THh53nbDRF6YO,2018-02-02T02:30:22Z,"Amazon Echo Show Alexa-enabled Bluetooth Speaker with 7"" Screen",Amazon,"Electronics,Hardware",Amazon,2018-01-27T00:00:00.000Z,True,0,5,"We had the Echo (still do, it's just in another room) and purchased the Show. We also have a couple of Dots and have them all set to communicate with each other. As you walk by the Show, it gives mini tips, news, fun facts, etc. Love it! You can even use it like Skype with others who have a show.",LJ1966,5.0
18,AWFUWc8THh53nbDRF6YO,2018-02-02T02:30:22Z,"Amazon Echo Show Alexa-enabled Bluetooth Speaker with 7"" Screen",Amazon,"Electronics,Hardware",Amazon,2018-01-15T00:00:00.000Z,True,0,5,"My wife wanted this, so I got it as a gift. Even though I have had an Amazon Echo for a year, I think the Show is much better. The screen takes a lot of the mystery out of what Alexa is doing. Both my wife and daughter love it.",Nick,5.0
19,AWFUWc8THh53nbDRF6YO,2018-02-02T02:30:22Z,"Amazon Echo Show Alexa-enabled Bluetooth Speaker with 7"" Screen",Amazon,"Electronics,Hardware",Amazon,2017-09-20T00:00:00.000Z,True,0,5,"This thing is awesome, great speakers on it too. Go out and grab one",Lm2000,5.0
20,AWFUWc8THh53nbDRF6YO,2018-02-02T02:30:22Z,"Amazon Echo Show Alexa-enabled Bluetooth Speaker with 7"" Screen",Amazon,"Electronics,Hardware",Amazon,2017-11-06T00:00:00.000Z,True,0,5,"Our 5th Echo Show. We love the Drop In feature, allowing us to use them as an intercom. The ease of playing music on all of them at once throughout the house, and controlled from any device is used daily. The connection to our Sonos system is a real plus. Also connected to our Dish TV receiver.",fasteddiek,5.0
21,AWFUWc8THh53nbDRF6YO,2018-02-02T02:30:22Z,"Amazon Echo Show Alexa-enabled Bluetooth Speaker with 7"" Screen",Amazon,"Electronics,Hardware",Amazon,2017-12-29T00:00:00.000Z,True,0,5,"I love the Echo Show and its many features, great purchase.",Ladybutterfly,5.0
22,AWFUWc8THh53nbDRF6YO,2018-02-02T02:30:22Z,"Amazon Echo Show Alexa-enabled Bluetooth Speaker with 7"" Screen",Amazon,"Electronics,Hardware",Amazon,2017-12-08T00:00:00.000Z,True,0,5,"I use to communicate with family. I love the drop in feature and it‚Äôs much easier to hear everyone as opposed to FaceTime on speakerphone. It has more to offer, but that is enough for me to recommend for anyone who uses video to keep in touch.",Rilo,5.0
23,AWFUWc8THh53nbDRF6YO,2018-02-02T02:30:22Z,"Amazon Echo Show Alexa-enabled Bluetooth Speaker with 7"" Screen",Amazon,"Electronics,Hardware",Amazon,2018-01-06T00:00:00.000Z,True,0,5,"Was recommended to me, and we love it, use for music, timer in the kitchen, great recipes, and love the question of the day, only have had for 2 weeks can‚Äôt wait to explore more!",Katy,5.0
24,AWFUWc8THh53nbDRF6YO,2018-02-02T02:30:22Z,"Amazon Echo Show Alexa-enabled Bluetooth Speaker with 7"" Screen",Amazon,"Electronics,Hardware",Amazon,2018-01-06T00:00:00.000Z,True,0,5,"Bought for my daughters dorm, good device for streaming, making calls, etc., even for quick weather report",Curlys,5.0
25,AWFUWc8THh53nbDRF6YO,2018-02-02T02:30:22Z,"Amazon Echo Show Alexa-enabled Bluetooth Speaker with 7"" Screen",Amazon,"Electronics,Hardware",Amazon,2017-08-11T00:00:00.000Z,True,0,5,"Love it so much! Have been using it every day...news, YouTube videos... buying more smart home products to make good use of Alexa.",KeepOnLearning,5.0
26,AWFUWc8THh53nbDRF6YO,2018-02-02T02:30:22Z,"Amazon Echo Show Alexa-enabled Bluetooth Speaker with 7"" Screen",Amazon,"Electronics,Hardware",Amazon,2017-12-20T00:00:00.000Z,True,0,4,"I love this unit. Very well designed and built. It's very easy to use and has a huge amount of features. The screen is beautiful, but the audio could use a bit more bass IMHO. I bought 3 for Christmas gifts.",DJBryce,5.0
27,AWFUWc8THh53nbDRF6YO,2018-02-02T02:30:22Z,"Amazon Echo Show Alexa-enabled Bluetooth Speaker with 7"" Screen",Amazon,"Electronics,Hardware",Amazon,2017-10-20T00:00:00.000Z,True,0,4,The screen really does add tremendous value. The bugs are almost all worked out and the quality of hearing my commands is night and day from a month ago.,CrashPusher,5.0
28,AWFUWc8THh53nbDRF6YO,2018-02-02T02:30:22Z,"Amazon Echo Show Alexa-enabled Bluetooth Speaker with 7"" Screen",Amazon,"Electronics,Hardware",Amazon,2018-02-02T00:00:00.000Z,True,0,5,We really enjoy the Echo Show! I have the Echo in the living room & the Echo Show in the bedroom. It‚Äôs great to have the visual of all the requests for Alexa,lmiddleton,5.0
29,AWFUWc8THh53nbDRF6YO,2018-02-02T02:30:22Z,"Amazon Echo Show Alexa-enabled Bluetooth Speaker with 7"" Screen",Amazon,"Electronics,Hardware",Amazon,2017-11-15T00:00:00.000Z,True,0,4,"Love it, bought one for everyone in the family.. I know they‚Äôll love it too",Maaroo,5.0
30,AWFUWc8THh53nbDRF6YO,2018-02-02T02:30:22Z,"Amazon Echo Show Alexa-enabled Bluetooth Speaker with 7"" Screen",Amazon,"Electronics,Hardware",Amazon,2018-02-03T00:00:00.000Z,True,0,4,"Purchased for my 87 year old mother as a safety/convenience, entertainment device. She loves it! finds it easy to use, loves to have music throughout the house.",Macdude,5.0
31,AWFUWc8THh53nbDRF6YO,2018-02-02T02:30:22Z,"Amazon Echo Show Alexa-enabled Bluetooth Speaker with 7"" Screen",Amazon,"Electronics,Hardware",Amazon,2017-12-24T00:00:00.000Z,True,0,5,"Amazon has made another great product! The ‚Äúshow‚Äù goes perfectly in the kitchen! Recipes, music,weather! All done hands free!! Fast set up!",Stromboli,5.0
32,AWFUWc8THh53nbDRF6YO,2018-02-02T02:30:22Z,"Amazon Echo Show Alexa-enabled Bluetooth Speaker with 7"" Screen",Amazon,"Electronics,Hardware",Amazon,2017-12-16T00:00:00.000Z,False,2,2,I bought these as a gift for my adult kids to video chat while in college. The second best feature was YouTube. Amazon just sell google home and chromcast for goodness sakes!,Greatdayne,5.0
33,AWFUWc8THh53nbDRF6YO,2018-02-02T02:30:22Z,"Amazon Echo Show Alexa-enabled Bluetooth Speaker with 7"" Screen",Amazon,"Electronics,Hardware",Amazon,2018-02-16T00:00:00.000Z,True,0,5,Another great echo product... really cool feature is the lyrics scrolling across the screen when playing music!,texasjohnny,5.0
34,AWFUWc8THh53nbDRF6YO,2018-02-02T02:30:22Z,"Amazon Echo Show Alexa-enabled Bluetooth Speaker with 7"" Screen",Amazon,"Electronics,Hardware",Amazon,2018-01-06T00:00:00.000Z,True,0,5,"It works fast and very clear, speakers sound amazing, looks great in bedroom.",Deemoner,5.0
35,AWFUWc8THh53nbDRF6YO,2018-02-02T02:30:22Z,"Amazon Echo Show Alexa-enabled Bluetooth Speaker with 7"" Screen",Amazon,"Electronics,Hardware",Amazon,2018-09-15T15:58:24.000Z,True,0,5,"I have several versions of Amazon's Echos - the original, and Echo Plus, 2 Taps and 2 Dots. The Show is the best sounding of the bunch and you have the screen as a bonus. I added a battery pack to make it portable and it's perfect for us.",ThomasToo,5.0
36,AWFUWc8THh53nbDRF6YO,2018-02-02T02:30:22Z,"Amazon Echo Show Alexa-enabled Bluetooth Speaker with 7"" Screen",Amazon,"Electronics,Hardware",Amazon,2017-11-18T16:48:39.000Z,True,4,5,I love it. It does so much and is so easy to use. I use it mostly for music and questions.,Cindy,5.0
37,AWFUWc8THh53nbDRF6YO,2018-02-02T02:30:22Z,"Amazon Echo Show Alexa-enabled Bluetooth Speaker with 7"" Screen",Amazon,"Electronics,Hardware",Amazon,2018-08-16T23:06:42.000Z,True,0,5,"I love the Echo show. I have found so many uses such as weather updates, recipes and random questions. My grandkids love it for stories, songs, pictures and just being plain silly. I don't think I've tapped into its full potential yet. I don't think a person can go wrong with this purchase.",Plucky,5.0
38,AWFUWc8THh53nbDRF6YO,2018-02-02T02:30:22Z,"Amazon Echo Show Alexa-enabled Bluetooth Speaker with 7"" Screen",Amazon,"Electronics,Hardware",Amazon,2018-02-02T00:00:00.000Z,True,0,4,"Fun and useful, very interactive and still learning all abilities.",Gadgets1,5.0
39,AWFUWc8THh53nbDRF6YO,2018-02-02T02:30:22Z,"Amazon Echo Show Alexa-enabled Bluetooth Speaker with 7"" Screen",Amazon,"Electronics,Hardware",Amazon,2017-12-31T00:00:00.000Z,True,0,5,It‚Äôs great I use it a lot and yes I will tell friends and family about it,Donald,5.0
40,AWFUWc8THh53nbDRF6YO,2018-02-02T02:30:22Z,"Amazon Echo Show Alexa-enabled Bluetooth Speaker with 7"" Screen",Amazon,"Electronics,Hardware",Amazon,2018-01-17T00:00:00.000Z,True,0,5,I really like it it‚Äôs user-friendly and I was by 55 Coolidge from Apple family to the family,Watch,5.0
41,AWFUWc8THh53nbDRF6YO,2018-02-02T02:30:22Z,"Amazon Echo Show Alexa-enabled Bluetooth Speaker with 7"" Screen",Amazon,"Electronics,Hardware",Amazon,2018-04-16T00:00:00.000Z,True,0,5,It has been a lot of fun using in our kitchen. I think we use it much more than we thought we would.,DukeofCL,5.0
42,AWFUWc8THh53nbDRF6YO,2018-02-02T02:30:22Z,"Amazon Echo Show Alexa-enabled Bluetooth Speaker with 7"" Screen",Amazon,"Electronics,Hardware",Amazon,2017-11-24T00:00:00.000Z,True,0,5,Alexa reminds me of all my appointments and it‚Äôs a great tool,HowardF,5.0
43,AWFUWc8THh53nbDRF6YO,2018-02-02T02:30:22Z,"Amazon Echo Show Alexa-enabled Bluetooth Speaker with 7"" Screen",Amazon,"Electronics,Hardware",Amazon,2017-09-06T00:00:00.000Z,True,0,5,Nice way to see the internet and also to view security cameras. Very handy device.,Bean,5.0
44,AWFUWc8THh53nbDRF6YO,2018-02-02T02:30:22Z,"Amazon Echo Show Alexa-enabled Bluetooth Speaker with 7"" Screen",Amazon,"Electronics,Hardware",Amazon,2017-12-26T00:00:00.000Z,True,0,5,"Easy to log in and set up. Good sound. Needs a remote for the volume as is changes with each radio station, song, or replies.",rustiz,3.0
45,AWFUWc8THh53nbDRF6YO,2018-02-02T02:30:22Z,"Amazon Echo Show Alexa-enabled Bluetooth Speaker with 7"" Screen",Amazon,"Electronics,Hardware",Amazon,2017-10-01T00:00:00.000Z,True,0,4,alexa is awesome and screen makes her even better can't wait to get another,Bryguy,5.0
46,AWFUWc8THh53nbDRF6YO,2018-02-02T02:30:22Z,"Amazon Echo Show Alexa-enabled Bluetooth Speaker with 7"" Screen",Amazon,"Electronics,Hardware",Amazon,2018-01-16T00:00:00.000Z,True,0,5,Thanks for the display version of Alexa - I love this model.,TabletUser,5.0
47,AWFUWc8THh53nbDRF6YO,2018-02-02T02:30:22Z,"Amazon Echo Show Alexa-enabled Bluetooth Speaker with 7"" Screen",Amazon,"Electronics,Hardware",Amazon,2017-11-19T00:00:00.000Z,True,0,5,"This is a must have is great for recepies, while you are cooking Alexa gives you the info. For the ines that are used to a tablet or iPod that you have to stop and read this is awesome plus. So much easier to follow things.",Kalimeli,5.0
48,AWFUWc8THh53nbDRF6YO,2018-02-02T02:30:22Z,"Amazon Echo Show Alexa-enabled Bluetooth Speaker with 7"" Screen",Amazon,"Electronics,Hardware",Amazon,2017-12-09T00:00:00.000Z,True,0,5,Love Alexa and everything she can do! So great you can connect to other devices.,Jenn,5.0
49,AWFUWc8THh53nbDRF6YO,2018-02-02T02:30:22Z,"Amazon Echo Show Alexa-enabled Bluetooth Speaker with 7"" Screen",Amazon,"Electronics,Hardware",Amazon,2018-09-01T19:51:34.000Z,True,0,5,I bought the echo show for my mom for her birthday and she loves it! We use it all the time.,Kelsey,5.0
50,AWFUWc8THh53nbDRF6YO,2018-02-02T02:30:22Z,"Amazon Echo Show Alexa-enabled Bluetooth Speaker with 7"" Screen",Amazon,"Electronics,Hardware",Amazon,2018-03-15T00:00:00.000Z,True,0,5,"I have a lot of Echos devices. Each room in my house has some kind of smart speaker (I have also Google Home devices).The Echo Show is the best device to use in a living room or kitchen. The screen is bright and sharp, and it's a nice feature to follow recipes, watch videos or even listen to music once the lyrics are displayed on the screen.It's also the best way to see calendar entries, to do and shopping lists.",Allan,5.0
51,AWFUWc8THh53nbDRF6YO,2018-02-02T02:30:22Z,"Amazon Echo Show Alexa-enabled Bluetooth Speaker with 7"" Screen",Amazon,"Electronics,Hardware",Amazon,2017-12-16T00:00:00.000Z,True,0,5,I love the show. It was so easy to set up. I use it every day for music and weather info. Can'y wait to see how it works for Christmas cookies.,blue,5.0
52,AWFUWc8THh53nbDRF6YO,2018-02-02T02:30:22Z,"Amazon Echo Show Alexa-enabled Bluetooth Speaker with 7"" Screen",Amazon,"Electronics,Hardware",Amazon,2017-12-24T00:00:00.000Z,True,0,5,"I am just learning what the Amazon Echo Show will do. I've used it as a timer, I've listened to Iheart radio, I love the smart lights that I bought at the same time. Alexa turns them on/off when I tell her to. When the holiday rush is over, I will go online to learn many more things.",Judy,5.0
53,AWFUWc8THh53nbDRF6YO,2018-02-02T02:30:22Z,"Amazon Echo Show Alexa-enabled Bluetooth Speaker with 7"" Screen",Amazon,"Electronics,Hardware",Amazon,2017-12-01T00:00:00.000Z,True,0,5,"This thing is really cool, love that it gives all the words to songs",Kurt,5.0
54,AWFUWc8THh53nbDRF6YO,2018-02-02T02:30:22Z,"Amazon Echo Show Alexa-enabled Bluetooth Speaker with 7"" Screen",Amazon,"Electronics,Hardware",Amazon,2018-02-22T00:00:00.000Z,True,0,5,"I‚Äôm an amazon prime member and the show is awsum I use it to communicate with the son who lives in Seattle. You can watch amazon pirime tv,play amazon music. Text, play games read the lyrics while the song is playing. I love it",Muncy,5.0
55,AWFUWc8THh53nbDRF6YO,2018-02-02T02:30:22Z,"Amazon Echo Show Alexa-enabled Bluetooth Speaker with 7"" Screen",Amazon,"Electronics,Hardware",Amazon,2017-11-23T00:00:00.000Z,True,0,5,One of my favorite gadgets. It can do so .any things.,icemike1975,5.0
56,AWFUWc8THh53nbDRF6YO,2018-02-02T02:30:22Z,"Amazon Echo Show Alexa-enabled Bluetooth Speaker with 7"" Screen",Amazon,"Electronics,Hardware",Amazon,2018-01-02T00:00:00.000Z,True,0,5,"Easy set up, simple to use, and lots of fun! Alexa can tell you the weather forecast, play any music you‚Äôd like to hear, read you recipes and so much more! Great product",RickyBobby,5.0
57,AWFUWc8THh53nbDRF6YO,2018-02-02T02:30:22Z,"Amazon Echo Show Alexa-enabled Bluetooth Speaker with 7"" Screen",Amazon,"Electronics,Hardware",Amazon,2017-12-28T00:00:00.000Z,False,0,2,Not a very responsive program. Very limited information program. Not user friendly.,Taylors,5.0
58,AWFUWc8THh53nbDRF6YO,2018-02-02T02:30:22Z,"Amazon Echo Show Alexa-enabled Bluetooth Speaker with 7"" Screen",Amazon,"Electronics,Hardware",Amazon,2017-12-15T00:00:00.000Z,True,0,5,Best item I ever use. I would love to get another one.,Tpc88888,5.0
59,AWFUWc8THh53nbDRF6YO,2018-02-02T02:30:22Z,"Amazon Echo Show Alexa-enabled Bluetooth Speaker with 7"" Screen",Amazon,"Electronics,Hardware",Amazon,2018-01-17T00:00:00.000Z,True,0,4,"Alexa does a lot of fun things but you must enable various apps. She gives funny answers to funny question. However, she is not a complete internet surfer, many things she has no answer.",busybee,5.0
60,AWFUWc8THh53nbDRF6YO,2018-02-02T02:30:22Z,"Amazon Echo Show Alexa-enabled Bluetooth Speaker with 7"" Screen",Amazon,"Electronics,Hardware",Amazon,2018-04-08T23:11:29.000Z,True,0,5,"I bought it for my son in laws birthday after they bought me one for Christmas. Not just good for music but helpful for grandkids homework and now we can video chat with grandkids, which the one year old loves!",Linda,5.0
61,AWFUWc8THh53nbDRF6YO,2018-02-02T02:30:22Z,"Amazon Echo Show Alexa-enabled Bluetooth Speaker with 7"" Screen",Amazon,"Electronics,Hardware",Amazon,2017-12-21T00:00:00.000Z,True,0,4,"Using it in my kitchen. The whole family has access and we can all use different functionality. Great for looking up recipies, music and calling relatives or friends",Kika,5.0
62,AWFUWc8THh53nbDRF6YO,2018-02-02T02:30:22Z,"Amazon Echo Show Alexa-enabled Bluetooth Speaker with 7"" Screen",Amazon,"Electronics,Hardware",Amazon,2017-12-09T00:00:00.000Z,True,0,3,"I got this to work with my Arlo Pro camera, and it works well. I am able to have my camera for driveway and front door come up on command. I hate that I cannot get my Samsung TV to come on with a verbal request. I guess I will have to buy the plug for it. This was very easy to set up. Downloaded the app, and plugged it in, viola it walks you through the setup.",Delo,5.0
63,AWFUWc8THh53nbDRF6YO,2018-02-02T02:30:22Z,"Amazon Echo Show Alexa-enabled Bluetooth Speaker with 7"" Screen",Amazon,"Electronics,Hardware",Amazon,2017-10-07T00:00:00.000Z,False,3,1,"I waited a couple months to review giving Amazon time to make this product equal to the SONY Dash from nearly a decade ago, it isn't the screen provides nothing of value and you can't turn of amazon tips! you have near zero customization can't even move the clock to the other side of the screen. And something that a sony dash did nearly 10 years ago pandora or prime music as an alarm! seriously this is the biggest fail! Run away from this half baked Amazon disaster!",HSTulsa,3.0
64,AWFUWc8THh53nbDRF6YO,2018-02-02T02:30:22Z,"Amazon Echo Show Alexa-enabled Bluetooth Speaker with 7"" Screen",Amazon,"Electronics,Hardware",Amazon,2017-10-18T00:00:00.000Z,True,0,5,Im impressed with it. I can monitory my Arlo cameras at when ever i want and I can treat my Sirius radio,BR549TX,5.0
65,AWFUWc8THh53nbDRF6YO,2018-02-02T02:30:22Z,"Amazon Echo Show Alexa-enabled Bluetooth Speaker with 7"" Screen",Amazon,"Electronics,Hardware",Amazon,2018-01-17T00:00:00.000Z,True,0,4,"Very easy to use and good quality, nice picture and good size for a desk",Diana,5.0
66,AWFUWc8THh53nbDRF6YO,2018-02-02T02:30:22Z,"Amazon Echo Show Alexa-enabled Bluetooth Speaker with 7"" Screen",Amazon,"Electronics,Hardware",Amazon,2018-01-06T00:00:00.000Z,True,0,5,"This Alexa device is great fun, and useful for several personal assistant type applications. I use it in conjunction with some TP-Link Light switches, and it works flawlessly. It is nice to see the lyrics to songs she plays, and calling other people who have the show or spot works well. She is also really good at setting reminders and alarms. Another useful feature is as an in home intercom.",rpmrtn,5.0
67,AWFUWc8THh53nbDRF6YO,2018-02-02T02:30:22Z,"Amazon Echo Show Alexa-enabled Bluetooth Speaker with 7"" Screen",Amazon,"Electronics,Hardware",Amazon,2017-12-02T00:00:00.000Z,True,0,5,I Love this I don't even have to turn on my tv I just talk to Alex a and she does what I tell her.,Jessie,5.0
68,AWFUWc8THh53nbDRF6YO,2018-02-02T02:30:22Z,"Amazon Echo Show Alexa-enabled Bluetooth Speaker with 7"" Screen",Amazon,"Electronics,Hardware",Amazon,2017-12-04T00:00:00.000Z,True,0,4,Great help from assistants in the store. They were very knowledgeable and took the time to help me choose the right product for my needs.,MJ1234,5.0
69,AWFUWc8THh53nbDRF6YO,2018-02-02T02:30:22Z,"Amazon Echo Show Alexa-enabled Bluetooth Speaker with 7"" Screen",Amazon,"Electronics,Hardware",Amazon,2018-02-02T00:00:00.000Z,True,0,5,It's nice to see my calendar and the sound is good too.,DRMC,5.0
70,AWFUWc8THh53nbDRF6YO,2018-02-02T02:30:22Z,"Amazon Echo Show Alexa-enabled Bluetooth Speaker with 7"" Screen",Amazon,"Electronics,Hardware",Amazon,2017-11-17T00:00:00.000Z,False,0,3,"Its a great product, but for the cost, the speakers are not what they should be, and the screen is too small. Choosing what is desplayed on the screen is something i still have not figired out. Hopefully software updates will fix the minor problem, and a second generation will hopefully fix the hardware downfalls. Voice recognition is also not as good as the eco dot. I am not recomending this product at this time because of the cost and poor performance.",Nick,3.0
71,AWFUWc8THh53nbDRF6YO,2018-02-02T02:30:22Z,"Amazon Echo Show Alexa-enabled Bluetooth Speaker with 7"" Screen",Amazon,"Electronics,Hardware",Amazon,2017-12-28T00:00:00.000Z,True,0,5,"Easy setup for connections to wi-fi cameras, Amazon Digital Subscriptions and coming soon....YouTube. Add your videos and BOOM...to the screen they come.",doyson,5.0
72,AWFUWc8THh53nbDRF6YO,2018-02-02T02:30:22Z,"Amazon Echo Show Alexa-enabled Bluetooth Speaker with 7"" Screen",Amazon,"Electronics,Hardware",Amazon,2018-01-20T00:00:00.000Z,True,0,5,Good for Amazon music and news. Brilliant for controlling lights in the house.,Mandu,5.0
73,AWFUWc8THh53nbDRF6YO,2018-02-02T02:30:22Z,"Amazon Echo Show Alexa-enabled Bluetooth Speaker with 7"" Screen",Amazon,"Electronics,Hardware",Amazon,2018-01-23T00:00:00.000Z,True,0,5,"I had reservations for the purchase of this Echo show, they quickly eroded after setting it up and using it now since Christmas day. Everyone in my family loves the camera function, sound quality, picture resolution and basically everything about it!It isn't totally perfected yet but it is a work in progress when it comes to the skills and how you choose to use this device since it is definitely designed for Amazon and their customers. Versatile enough so that everyone could find something to enjoy from music, pictures, videos to having your favorite book read to you. One of my favorite features are the Ole time radio series offered in the skills. Takes you back in time as you relax and very similar to a good book. Just my preference and it does offer much more and new skills are daily being added. Although we have several echo dots everywhere, my 6yo loves to come to the echo show to hear her music or to see new pictures uploaded to our cloud. The sound is amazing for its size, that's a huge plus. Pictures are dynamic and so far the only issue with me anyway is it's shape. Slightly odd but it seems to blend into our decor pretty well. Hopefully newer and even better skills will be made as this is a real gem in the rough with tons of applications still ahead that it can be used for. I have it connected to our home security system, robot vacuum cleaner and at times to my cell phone. Taken all together it is useful, fun and a nice addition for our gadget loaded home.",SkyWatcher,5.0
74,AWFUWc8THh53nbDRF6YO,2018-02-02T02:30:22Z,"Amazon Echo Show Alexa-enabled Bluetooth Speaker with 7"" Screen",Amazon,"Electronics,Hardware",Amazon,2018-01-17T00:00:00.000Z,True,0,4,"This is an awesome device, but it isn't life changing. It is basically the same as the Echo. I don't use the video much.",Paco77,5.0
75,AWFUWc8THh53nbDRF6YO,2018-02-02T02:30:22Z,"Amazon Echo Show Alexa-enabled Bluetooth Speaker with 7"" Screen",Amazon,"Electronics,Hardware",Amazon,2017-12-22T00:00:00.000Z,True,0,5,"Amazing how much stuff this can do everything from a alarm clock to listening to music,asking questions and controlling devices .the sound front the speakers is really great.",Bampi,5.0
76,AWFUWc8THh53nbDRF6YO,2018-02-02T02:30:22Z,"Amazon Echo Show Alexa-enabled Bluetooth Speaker with 7"" Screen",Amazon,"Electronics,Hardware",Amazon,2017-12-30T00:00:00.000Z,True,0,5,Love this product easy to use and it does so much ch,Albert,5.0
77,AWFUWc8THh53nbDRF6YO,2018-02-02T02:30:22Z,"Amazon Echo Show Alexa-enabled Bluetooth Speaker with 7"" Screen",Amazon,"Electronics,Hardware",Amazon,2018-01-19T00:00:00.000Z,True,0,5,"purchased the show after I picked up the ECHO PLUS, 2 DOT'S & a TAP! This smart home system is addictive and I will be adding more soon!",Mike57,5.0
78,AWFUWc8THh53nbDRF6YO,2018-02-02T02:30:22Z,"Amazon Echo Show Alexa-enabled Bluetooth Speaker with 7"" Screen",Amazon,"Electronics,Hardware",Amazon,2018-01-05T00:00:00.000Z,True,0,5,Does what it is advertise for and more. Had fun setting it up and amazed on what it can do. I even use it for security.,Pete,5.0
79,AWFUWc8THh53nbDRF6YO,2018-02-02T02:30:22Z,"Amazon Echo Show Alexa-enabled Bluetooth Speaker with 7"" Screen",Amazon,"Electronics,Hardware",Amazon,2018-01-28T00:00:00.000Z,True,0,5,"Love the ability to video chat with grand kids, Enjoying the music everyday.",gramma,5.0
80,AWFUWc8THh53nbDRF6YO,2018-02-02T02:30:22Z,"Amazon Echo Show Alexa-enabled Bluetooth Speaker with 7"" Screen",Amazon,"Electronics,Hardware",Amazon,2018-08-15T16:06:03.000Z,True,0,5,Its an awesome item. Me and the kids love it.,MomfromTexas,5.0
81,AWFUWc8THh53nbDRF6YO,2018-02-02T02:30:22Z,"Amazon Echo Show Alexa-enabled Bluetooth Speaker with 7"" Screen",Amazon,"Electronics,Hardware",Amazon,2017-12-22T00:00:00.000Z,True,0,5,Great product. Use it in the kitchen and can see who is at the front door with it being connected to my ring doorbell.,Michael,5.0
82,AWFUWc8THh53nbDRF6YO,2018-02-02T02:30:22Z,"Amazon Echo Show Alexa-enabled Bluetooth Speaker with 7"" Screen",Amazon,"Electronics,Hardware",Amazon,2018-01-12T00:00:00.000Z,True,0,4,Recently divorced I bought 2 of these tonserve as homebase for me and my 8 year old. It has helped him to know there is one spot in both our houses he can reach me by simply saying drop on daddy,Cameraguy,5.0
83,AWFUWc8THh53nbDRF6YO,2018-02-02T02:30:22Z,"Amazon Echo Show Alexa-enabled Bluetooth Speaker with 7"" Screen",Amazon,"Electronics,Hardware",Amazon,2018-01-20T00:00:00.000Z,True,0,5,My wife purchased this for me at Christmas. Was very surprised because she said she did not want a device like this in the house. I think she is enjoying it more than me. Easy to link with nest thermostat and smart plugs. Even figured out how to operate older garage door with it. If I can only figure a way for it to bring me a beer now.,BowHunter,5.0
84,AWFUWc8THh53nbDRF6YO,2018-02-02T02:30:22Z,"Amazon Echo Show Alexa-enabled Bluetooth Speaker with 7"" Screen",Amazon,"Electronics,Hardware",Amazon,2018-01-12T00:00:00.000Z,True,0,4,We really are enjoying asking Alexa questions and she is connected to our Sonos system playing music around the house. She doesn‚Äôt always understand me. Not sure if it is her or me.,Kimber,5.0
85,AWFUWc8THh53nbDRF6YO,2018-02-02T02:30:22Z,"Amazon Echo Show Alexa-enabled Bluetooth Speaker with 7"" Screen",Amazon,"Electronics,Hardware",Amazon,2017-06-29T00:00:00.000Z,False,35,3,"I loved this thing until it was time to go to bed. Although it dims, the lowest setting is still very bright--like sleeping with a flashlight in your face. I hope they make fixes that will allow the screen to dim more. Also, not crazy about having a camera connected to the Internet on my nightstand. If you cover it up, the motion sensor then won't work. The sound is OK--not quite as good as the non-screen Echo--maybe because it's not omni-directional like the regular Echo. My enthusiasm for this device has subsided quite a bit because of these issues.",WMKnox,3.0
86,AWFUWc8THh53nbDRF6YO,2018-02-02T02:30:22Z,"Amazon Echo Show Alexa-enabled Bluetooth Speaker with 7"" Screen",Amazon,"Electronics,Hardware",Amazon,2018-01-04T00:00:00.000Z,True,0,5,Got one for my mom in order to video chat with her. Works awesome.,TribeFan,5.0
87,AWFUWc8THh53nbDRF6YO,2018-02-02T02:30:22Z,"Amazon Echo Show Alexa-enabled Bluetooth Speaker with 7"" Screen",Amazon,"Electronics,Hardware",Amazon,2018-02-03T00:00:00.000Z,True,0,5,"Such an easy set up. My family and I use it for so many things. Wake up in the morning, the morning commute traffic report. Recipes, facts, phone calls and of course music! Since I got it and have had friends and family over, they have gone out to buy it as well. Excellent purchase. Well worth the money!",frank,5.0
88,AWFUWc8THh53nbDRF6YO,2018-02-02T02:30:22Z,"Amazon Echo Show Alexa-enabled Bluetooth Speaker with 7"" Screen",Amazon,"Electronics,Hardware",Amazon,2018-09-14T16:17:17.000Z,True,0,5,"Second purchase of Echo Show. Love the device and all of it's features. Used primarily for communication with my 90 yo mother. I drop in, there's nothing for her to do but talk and smile :) I use the Alexa app on my phone with mom (which works very well and still use when mobile) but I got this one for ease at home.",Tom,5.0
89,AWFUWc8THh53nbDRF6YO,2018-02-02T02:30:22Z,"Amazon Echo Show Alexa-enabled Bluetooth Speaker with 7"" Screen",Amazon,"Electronics,Hardware",Amazon,2017-12-04T19:17:47.000Z,True,0,5,"Amazing. I seriously didn't know what I was missing until I got the Amazon Show. While I have Alex Echo (and love this), having a screen that can connect to other smart home devices is amazing. I love the jokes, random questions I can ask or telling me the weather. Its essential in our house now.",NJS,5.0
90,AWFUWc8THh53nbDRF6YO,2018-02-02T02:30:22Z,"Amazon Echo Show Alexa-enabled Bluetooth Speaker with 7"" Screen",Amazon,"Electronics,Hardware",Amazon,2018-04-18T00:00:00.000Z,True,0,5,"The best part about the echo is that you can actually use it to watch videos, the security cameras connected to your house, listen to music and watch the baby sleep. I love my Echo Show.",Pete,5.0
